"0","# Define the fitted Lorenz curve function based on the estimated parameters a and beta"
"0","lorenz_function <- function(x, a, beta) {"
"0","  x - a * x^a * (1 - x)^beta"
"0","}"
"0",""
"0","# Get the estimated parameters from your model"
"0","a_estimate <- coef(lorenz_model)[""a""]"
"0","beta_estimate <- coef(lorenz_model)[""beta""]"
"0",""
"0","# Define the function to integrate"
"0","gini_integrand <- function(x) {"
"0","  x - lorenz_function(x, a_estimate, beta_estimate)"
"0","}"
"0",""
"0","# Numerically integrate the function from 0 to 1"
"0","gini_result <- integrate(gini_integrand, lower = 0, upper = 1)"
"0",""
"0","# Calculate the Gini coefficient"
"0","Gini_coefficient <- 1 - 2 * gini_result$value"
"0",""
"0","# Print the Gini coefficient"
"0","print(Gini_coefficient)"
"1","[1]"
"1"," 0.4214416"
"1","
"
